{
    "total_runtime": 1242.9354503154755,
    "num_documents": 15,
    "input_load_time": 0,
    "workflows": {
        "create_base_text_units": {
            "overall": 0.28946685791015625,
            "0_orderby": 0.0030410289764404297,
            "1_zip": 0.0034601688385009766,
            "2_aggregate_override": 0.0060977935791015625,
            "3_chunk": 0.22641801834106445,
            "4_select": 0.0042760372161865234,
            "5_unroll": 0.0056955814361572266,
            "6_rename": 0.004674196243286133,
            "7_genid": 0.006926774978637695,
            "8_unzip": 0.005544900894165039,
            "9_copy": 0.005116939544677734,
            "10_filter": 0.01566910743713379
        },
        "create_base_extracted_entities": {
            "overall": 338.1728940010071,
            "0_entity_extract": 338.0871639251709,
            "1_merge_graphs": 0.07988691329956055
        },
        "create_final_covariates": {
            "overall": 335.15143609046936,
            "0_extract_covariates": 335.08692598342896,
            "1_window": 0.009629487991333008,
            "2_genid": 0.0075299739837646484,
            "3_convert": 0.023725509643554688,
            "4_rename": 0.008214473724365234,
            "5_select": 0.009099960327148438
        },
        "create_summarized_entities": {
            "overall": 133.32531809806824,
            "0_summarize_descriptions": 133.3168065547943
        },
        "join_text_units_to_covariate_ids": {
            "overall": 0.054395198822021484,
            "0_select": 0.009848833084106445,
            "1_aggregate_override": 0.03538942337036133
        },
        "create_base_entity_graph": {
            "overall": 0.31618380546569824,
            "0_cluster_graph": 0.2954437732696533,
            "1_select": 0.010804176330566406
        },
        "create_final_entities": {
            "overall": 16.180217266082764,
            "0_unpack_graph": 0.08705425262451172,
            "1_rename": 0.011649370193481445,
            "2_select": 0.012194633483886719,
            "3_dedupe": 0.012486696243286133,
            "4_rename": 0.012414932250976562,
            "5_filter": 0.03187966346740723,
            "6_text_split": 0.01921701431274414,
            "7_drop": 0.013190984725952148,
            "8_merge": 0.12302589416503906,
            "9_text_embed": 15.795202016830444,
            "10_drop": 0.01473855972290039,
            "11_filter": 0.03632020950317383
        },
        "create_final_nodes": {
            "overall": 1.0841012001037598,
            "0_layout_graph": 0.36735987663269043,
            "1_unpack_graph": 0.35880208015441895,
            "2_unpack_graph": 0.09777188301086426,
            "3_filter": 0.05044960975646973,
            "4_drop": 0.01616191864013672,
            "5_select": 0.01642155647277832,
            "6_rename": 0.01640939712524414,
            "7_convert": 0.0881962776184082,
            "8_join": 0.04034733772277832,
            "9_rename": 0.017692089080810547
        },
        "create_final_communities": {
            "overall": 0.8101463317871094,
            "0_unpack_graph": 0.0951547622680664,
            "1_unpack_graph": 0.09403657913208008,
            "2_aggregate_override": 0.021116256713867188,
            "3_join": 0.03028392791748047,
            "4_join": 0.02953791618347168,
            "5_concat": 0.020261287689208984,
            "6_filter": 0.2939012050628662,
            "7_aggregate_override": 0.0313115119934082,
            "8_join": 0.02610182762145996,
            "9_filter": 0.046767473220825195,
            "10_fill": 0.0208737850189209,
            "11_merge": 0.03968501091003418,
            "12_copy": 0.021704673767089844,
            "13_select": 0.021459341049194336
        },
        "join_text_units_to_entity_ids": {
            "overall": 0.09766125679016113,
            "0_select": 0.022596120834350586,
            "1_unroll": 0.024390220642089844,
            "2_aggregate_override": 0.028635501861572266
        },
        "create_final_relationships": {
            "overall": 0.4433929920196533,
            "0_unpack_graph": 0.12414383888244629,
            "1_filter": 0.06608104705810547,
            "2_rename": 0.024103403091430664,
            "3_filter": 0.07270979881286621,
            "4_drop": 0.02479720115661621,
            "5_compute_edge_combined_degree": 0.030421972274780273,
            "6_convert": 0.05159449577331543,
            "7_convert": 0.026355504989624023
        },
        "join_text_units_to_relationship_ids": {
            "overall": 0.13976120948791504,
            "0_select": 0.026770591735839844,
            "1_unroll": 0.028041839599609375,
            "2_aggregate_override": 0.03232073783874512,
            "3_select": 0.026664257049560547
        },
        "create_final_community_reports": {
            "overall": 411.3232686519623,
            "0_prepare_community_reports_nodes": 0.04426860809326172,
            "1_prepare_community_reports_edges": 0.036692142486572266,
            "2_prepare_community_reports_claims": 0.03438425064086914,
            "3_restore_community_hierarchy": 0.03786349296569824,
            "4_prepare_community_reports": 0.6266851425170898,
            "5_create_community_reports": 410.48506331443787,
            "6_window": 0.030878782272338867
        },
        "create_final_text_units": {
            "overall": 0.30838918685913086,
            "0_select": 0.030292034149169922,
            "1_rename": 0.0301971435546875,
            "2_join": 0.06563043594360352,
            "3_join": 0.036653757095336914,
            "4_join": 0.03611183166503906,
            "5_aggregate_override": 0.049056053161621094,
            "6_select": 0.03153276443481445
        },
        "create_base_documents": {
            "overall": 0.4096341133117676,
            "0_unroll": 0.0329434871673584,
            "1_select": 0.03218364715576172,
            "2_rename": 0.03223085403442383,
            "3_join": 0.03800249099731445,
            "4_aggregate_override": 0.035531044006347656,
            "5_join": 0.038598060607910156,
            "6_rename": 0.033507585525512695,
            "7_convert": 0.1352372169494629
        },
        "create_final_documents": {
            "overall": 0.06962966918945312,
            "0_rename": 0.03480076789855957
        }
    }
}